amigo1,amigo2
Jacquette,Clementia
Susi,Cordi
Jaquenetta,Valerie
Doralia,Anthiathia
Miner,Sarene
Minnnie,Susi
Robyn,Adrien
Eduino,Ginger
Tony,Briant
Edin,Ginnifer
Prent,Jan
Juditha,Doralia
Estevan,Virgil
Constantino,Winona
Minnnie,Gleda
Tedmund,Milly
Waylen,Kristoforo
Jan,Lyell
Prent,Ricardo
Arabela,Hodgex
Hodgex,Chen
Dewie,Ricardo
Idell,Sayre
Shalna,Cordi
Tony,Drud
Agathe,Marrilee
Hayley,Carmelle
Case,Cordi
Doralia,Matthiew
Marrilee,Shalna
Shirlee,Tony
Renate,Virgil
Eimile,Anna
Ricardo,Minnnie
Denna,Jan
Winona,Tony
Kerby,Cordi
Louisette,Adrien
Velma,Dotti
Anna,Clementia
Cordelie,Shalna
Melisa,Drud
Marrilee,Case
Leilah,Valerie
Barbaraanne,Doralia
Prent,Lyell
Carmelle,Jolynn
Virgilio,Teri
Virgilio,Estevan
Kerby,Skippy
Clementia,Briant
Dotti,Kristoforo
Bruce,Cordi
Teri,Mariellen
Clementia,Virgil
Teri,Skippy
Adrien,Virgil
Candide,Ginger
Anthiathia,Winona
Sayre,Cordelie
Christin,Bruce
Shalna,Eimile
Jewelle,Barbaraanne
Reta,Skippy
Jacquette,Vernon
Renate,Hodgex
Clementia,Case
Doralia,Briant
Tillie,Roth
Case,Jewelle
Hodgex,Waylen
Juditha,Kerby
Ginger,Adriena
Valerie,Dotti
Agathe,Valerie
Doralia,Carline
Brocky,Hewe
Jaquenetta,Wilhelm
Malissa,Jacquette
Annabell,Denna
Leilah,Constantino
Vernon,Barbaraanne
Kristoforo,Candide
Bernie,Clementia
Haley,Denna
Montague,Delaney
Hayley,Ricardo
Stearn,Case
Wilhelm,Jolynn
Virgil,Winona
Keslie,Anna
Sarene,Bruce
Gwen,Case
Ginnifer,Francklin
Doralia,Winona
Briant,Jewelle
Kristoforo,Susannah
Adrien,Ginger
Milly,Shirlee
Virgilio,Melisa
Matthiew,Milly
Anna,Tillie
Estevan,Winona
Constantino,Case
Hodgex,Gwen
Prent,Robyn
Barbaraanne,Miner
Hodgex,Constantino
Virgil,Beale
Kristoforo,Carline
Ginger,Clementia
Sarene,Valerie
Kerby,Denna
Jewelle,Briant
Minnnie,Winona
Jewelle,Ginger
Haley,Winona
Minnnie,Doralia
Gav,Christin
Briant,Gwen
Virgil,Corette
Skippy,Christin
Skippy,Brocky
Annabell,Sarene
Milly,Delaney
Sayre,Tillie
Velma,Chen
Montague,Francklin
Ginnifer,Delaney
Susi,Anna
Arabela,Anna
Adrien,Francklin
Kerby,Drud
Malissa,Eduino
Hayley,Meghann
Annabell,Susannah
Briant,Tedmund
Francklin,Arabela
Ginger,Candide
Montague,Tony
Roth,Stearn
Anthiathia,Mariellen
Leilah,Drud
Clementia,Idell
Stearn,Denna
Tedmund,Agathe
Susi,Gav
Virgil,Skippy
Arabela,Briant
Gwen,Lyell
Beale,Bernie
Shalna,Stearn
Haley,Bruce
Stearn,Denna
Robyn,Erda
Tedmund,Teri
Vernon,Susi
Constantino,Stearn
Miner,Rana
Gleda,Montague
Anna,Virgil
Drud,Keslie
Montague,Shalna
Keslie,Eleni
Matthiew,Hayley
Ginger,Rana
Gav,Winona
Virgilio,Tedmund
Hodgex,Dewie
Reta,Robyn
Jacquette,Candide
Drud,Robyn
Tristam,Jaquenetta
Eleni,Arabela
Prent,Leilah
Rana,Annabell
Melisa,Haley
Christin,Hodgex
Gav,Eleni
Renate,Erda
Virgil,Gwen
Kerby,Ginger
Carline,Susi
Ricardo,Teri
Leilah,Cordelie
Beale,Cordi
Teri,Haley
Leilah,Reta
Matthiew,Meghann
Leilah,Jewelle
Delaney,Candide
Gav,Milly
Wilhelm,Virgilio
Erda,Virgilio
Prent,Matthiew
Vernon,Jewelle
Briant,Kerby
Marrilee,Louisette
Francklin,Teri
Corette,Lyell
Matthiew,Wilhelm
Hodgex,Haley
Wilhelm,Keslie
Wilhelm,Brocky
Beale,Jolynn
Arabela,Skippy
Hewe,Eduino
Winona,Edin
Jewelle,Tony
Cordelie,Bruce
Jolynn,Prent
Corette,Hewe
Haley,Melisa
Bernie,Leilah
Juditha,Adriena
Reta,Brocky
Anthiathia,Dotti
Lyell,Jacquette
Virgil,Agathe
Kristoforo,Gwen
Waylen,Ginger
Chen,Melisa
Valerie,Shirlee
Doralia,Jacquette
Kristoforo,Jolynn
Adrien,Waylen
Bruce,Susannah
Francklin,Marrilee
Shalna,Eduino
Gwen,Sarene
Gleda,Bruce
Constantino,Adriena
Sarene,Velma
Constantino,Sarene
Shalna,Anna
Bernie,Eimile
Matthiew,Clementia
Bruce,Shalna
Gav,Juditha
Keslie,Jaquenetta
Rana,Stearn
Jolynn,Case
Jewelle,Matthiew
Jan,Kerby
Melisa,Idell
Minnnie,Idell
Eimile,Constantino
Montague,Renate
Beale,Sarene
Arabela,Gwen
Mariellen,Chen
Beale,Juditha
Clementia,Kristoforo
Ginnifer,Adrien
Lyell,Chen
Winona,Kristoforo
Teri,Bruce
Delaney,Hodgex
Jolynn,Montague
Dewie,Matthiew
Hewe,Agathe
Anthiathia,Jolynn
Sayre,Skippy
Robyn,Hewe
Winona,Melisa
Case,Tony
Ricardo,Annabell
Susannah,Anthiathia
Susannah,Gwen
Ginger,Leilah
Francklin,Carline
Prent,Montague
Sayre,Hodgex
Rana,Tedmund
Teri,Robyn
Sayre,Gav
Jolynn,Montague
Anthiathia,Lyell
Louisette,Hewe
Teri,Carmelle
Gav,Hayley
Anna,Erminia
Roth,Stearn
Malissa,Hodgex
Edin,Idell
Gwen,Marrilee
Montague,Milly
Vernon,Gleda
Reta,Erminia
Prent,Doralia
Louisette,Keslie
Jacquette,Malissa
Virgil,Christin
Winona,Juditha
Sarene,Erminia
Corette,Leilah
Shirlee,Kerby
Louisette,Ginnifer
Anthiathia,Renate
Drud,Adriena
Susi,Chen
Rana,Ricardo
Hodgex,Roth
Lyell,Mariellen
Agathe,Juditha
Lyell,Susi
Susi,Cordelie
Dewie,Virgil
Dotti,Idell
Ginnifer,Gwen
Wilhelm,Hayley
Constantino,Doralia
Edin,Briant
Barbaraanne,Shirlee
Brocky,Louisette
Briant,Delaney
Lyell,Robyn
Stearn,Barbaraanne
Louisette,Anthiathia
Chen,Kristoforo
Erda,Waylen
Briant,Louisette
Brocky,Lyell
Constantino,Wilhelm
Gav,Ginnifer
Tony,Anna
Montague,Clementia
Susannah,Malissa
Ginger,Carmelle
Winona,Francklin
Melisa,Drud
Eleni,Rana
Barbaraanne,Anna
Waylen,Candide
Montague,Melisa
Juditha,Susi
Winona,Hayley
Montague,Idell
Jan,Malissa
Chen,Carmelle
Miner,Eleni
Brocky,Anthiathia
Hayley,Case
Edin,Sayre
Stearn,Dewie
Virgil,Jolynn
Chen,Susannah
Tillie,Beale
Sarene,Annabell
Bernie,Kristoforo
Jaquenetta,Candide
Vernon,Keslie
Virgil,Carmelle
Wilhelm,Bruce
Briant,Louisette
Cordi,Chen
Melisa,Doralia
Edin,Drud
Shirlee,Tristam
Gleda,Tedmund
Beale,Arabela
Tony,Gleda
Edin,Susannah
Reta,Milly
Jaquenetta,Arabela
Malissa,Bruce
Jewelle,Cordelie
Briant,Tony
Jacquette,Skippy
Delaney,Tristam
Adriena,Lyell
Adrien,Barbaraanne
Susi,Anthiathia
Ricardo,Gleda
Keslie,Christin
Winona,Clementia
Keslie,Constantino
Tedmund,Dewie
Roth,Lyell
Kerby,Virgil
Matthiew,Jewelle
Meghann,Tillie
Meghann,Miner
Matthiew,Drud
Case,Mariellen
Dotti,Adriena
Annabell,Christin
Denna,Erminia
Constantino,Erda
Leilah,Waylen
Adrien,Juditha
Dewie,Stearn
Hayley,Clementia
Eduino,Jolynn
Virgil,Tony
Hayley,Jan
Meghann,Miner
Gav,Prent
Eleni,Virgil
Eimile,Erminia
Francklin,Brocky
Case,Kristoforo
Eimile,Waylen
Ginnifer,Louisette
Mariellen,Hodgex
Drud,Tedmund
Kristoforo,Adriena
Gwen,Miner
Hayley,Candide
Cordelie,Reta
Dotti,Beale
Velma,Virgil
Marrilee,Sarene
Bruce,Tedmund
Sayre,Velma
Brocky,Annabell
Annabell,Robyn
Corette,Louisette
Waylen,Arabela
Jan,Chen
Keslie,Jolynn
Keslie,Winona
Dewie,Eduino
Adrien,Montague
Shirlee,Hewe
Dewie,Anthiathia
Montague,Virgilio
Virgil,Clementia
Haley,Skippy
Reta,Anna
Delaney,Anna
Adriena,Hayley
Edin,Annabell
Cordi,Minnnie
Dotti,Meghann
Malissa,Jewelle
Virgil,Matthiew
Meghann,Corette
Hodgex,Haley
Meghann,Tedmund
Prent,Anna
Minnnie,Jan
Susi,Roth
Hodgex,Haley
Virgilio,Milly
Christin,Tedmund
Idell,Jacquette
Miner,Louisette
Marrilee,Gleda
Wilhelm,Denna
Virgilio,Waylen
Jan,Sarene
Carline,Case
Winona,Prent
Adrien,Tillie
Robyn,Adriena
Kristoforo,Francklin
Constantino,Gleda
Brocky,Carmelle
Constantino,Cordelie
Gav,Sayre
Malissa,Anna
Lyell,Barbaraanne
Susi,Lyell
Virgilio,Gav
Haley,Kristoforo
Carmelle,Jacquette
Renate,Susi
Tillie,Gleda
Agathe,Jewelle
Cordelie,Velma
Jan,Reta
Brocky,Jolynn
Corette,Jacquette
Renate,Tony
Adrien,Wilhelm
Drud,Virgil
Robyn,Waylen
Roth,Virgil
Adrien,Denna
Roth,Bruce
Stearn,Cordelie
Bernie,Juditha
Tillie,Adriena
Kerby,Tony
Hewe,Malissa
Keslie,Jacquette
Meghann,Vernon
Shalna,Agathe
Carmelle,Virgil
Delaney,Carmelle
Chen,Vernon
Robyn,Delaney
Arabela,Sarene
Juditha,Shirlee
Montague,Edin
Brocky,Dotti
Francklin,Keslie
Eimile,Waylen
Minnnie,Dewie
Virgilio,Estevan
Louisette,Erminia
Sarene,Jewelle
Marrilee,Tony
Teri,Edin
Dewie,Miner
Doralia,Ginger
Ginger,Hayley
Velma,Leilah
Ginger,Montague
Louisette,Shirlee
Shirlee,Robyn
Drud,Haley
Anthiathia,Jolynn
Bruce,Jan
Bruce,Wilhelm
Jan,Eimile
Ginnifer,Jaquenetta
Chen,Valerie
Erda,Eduino
Annabell,Eimile
Velma,Leilah
Tony,Winona
Juditha,Sarene
Shalna,Vernon
Miner,Dewie
Mariellen,Minnnie
Winona,Idell
Doralia,Roth
Candide,Doralia
Jolynn,Haley
Vernon,Estevan
Drud,Lyell
Jaquenetta,Lyell
Corette,Gav
Drud,Renate
Brocky,Mariellen
Jan,Carline
Velma,Candide
Stearn,Marrilee
Erminia,Jan
Melisa,Sayre
Anna,Adriena
Haley,Denna
Reta,Beale
Cordi,Bernie
Louisette,Tristam
Juditha,Jacquette
Anthiathia,Adriena
Erminia,Virgil
Renate,Hayley
Mariellen,Virgil
Gwen,Adriena
Ginger,Ricardo
Juditha,Chen
Tedmund,Eimile
Hewe,Anna
Prent,Shalna
Stearn,Sayre
Wilhelm,Edin
Kerby,Robyn
Clementia,Briant
Ginnifer,Idell
Montague,Marrilee
Velma,Hodgex
Susi,Idell
Carline,Eimile
Adrien,Eleni
Doralia,Ginger
Idell,Malissa
Gwen,Keslie
Bernie,Hewe
Leilah,Velma
Jolynn,Louisette
Susi,Lyell
Francklin,Virgil
Minnnie,Ricardo
Meghann,Tony
Adrien,Jacquette
Hodgex,Waylen
Jewelle,Virgilio
Doralia,Carmelle
Jan,Candide
Virgil,Keslie
Doralia,Dewie
Virgil,Ginger
Haley,Malissa
Corette,Bernie
Kerby,Beale
Roth,Hodgex
Robyn,Adrien
Robyn,Skippy
Renate,Susannah
Gwen,Susannah
Sarene,Virgil
Wilhelm,Doralia
Bernie,Tillie
Barbaraanne,Adriena
Tedmund,Barbaraanne
Case,Juditha
Constantino,Cordelie
Arabela,Carline
Kerby,Francklin
Renate,Marrilee
Ricardo,Adriena
Kristoforo,Shalna
Brocky,Drud
Mariellen,Erminia
Virgil,Francklin
Hodgex,Renate
Bernie,Beale
Adriena,Marrilee
Francklin,Cordi
Rana,Adrien
Cordelie,Velma
Francklin,Roth
Doralia,Bernie
Susannah,Kerby
Velma,Erminia
Winona,Shalna
Gleda,Candide
Dotti,Ginnifer
Tillie,Winona
Eleni,Constantino
Idell,Jacquette
Ginger,Bruce
Marrilee,Bruce
Hayley,Stearn
Jan,Kristoforo
Anna,Denna
Milly,Sarene
Jewelle,Roth
Tedmund,Milly
Virgil,Chen
Mariellen,Kristoforo
Renate,Tedmund
Virgil,Eimile
Adrien,Tony
Mariellen,Renate
Vernon,Delaney
Agathe,Candide
Hodgex,Clementia
Corette,Virgil
Hayley,Clementia
Valerie,Sarene
Gav,Winona
Roth,Hayley
Jaquenetta,Adrien
Carline,Eimile
Tedmund,Idell
Ricardo,Eduino
Jan,Kerby
Briant,Valerie
Tony,Lyell
Carline,Clementia
Jewelle,Minnnie
Idell,Annabell
Haley,Adriena
Eimile,Dewie
Kristoforo,Winona
Agathe,Erminia
Agathe,Clementia
Corette,Minnnie
Erda,Dewie
Dewie,Gleda
Carline,Kerby
Corette,Briant
Corette,Beale
Miner,Shirlee
Francklin,Sarene
Constantino,Idell
Erda,Reta
Drud,Tony
Hodgex,Beale
Sayre,Milly
Sarene,Rana
Hodgex,Bruce
Ginger,Wilhelm
Adriena,Miner
Virgil,Bruce
Jewelle,Briant
Candide,Gwen
Candide,Francklin
Bernie,Anthiathia
Ginnifer,Wilhelm
Estevan,Jolynn
Carmelle,Anthiathia
Jaquenetta,Tristam
Louisette,Juditha
Eleni,Bruce
Jolynn,Miner
Erda,Cordelie
Malissa,Winona
Montague,Adrien
Virgil,Case
Dotti,Drud
Waylen,Minnnie
Renate,Kerby
Hewe,Roth
Renate,Shalna
Dewie,Susi
Dewie,Clementia
Jacquette,Briant
Hayley,Kristoforo
Wilhelm,Miner
Ginger,Gav
Corette,Anthiathia
Virgilio,Rana
Juditha,Annabell
Virgilio,Arabela
Eduino,Jacquette
Marrilee,Ginnifer
Shalna,Kerby
Doralia,Jewelle
Corette,Juditha
Shirlee,Denna
Jaquenetta,Prent
Kerby,Susannah
Minnnie,Teri
Brocky,Juditha
Leilah,Susi
Waylen,Virgil
Prent,Gleda
Hayley,Robyn
Miner,Agathe
Jewelle,Sarene
Minnnie,Susi
Winona,Adrien
Anna,Eleni
Anna,Kerby
Eduino,Case
Melisa,Anna
Montague,Melisa
Kerby,Juditha
Roth,Hayley
Skippy,Meghann
Adrien,Miner
Winona,Carline
Jaquenetta,Jacquette
Hayley,Dewie
Denna,Roth
Arabela,Tristam
Waylen,Annabell
Milly,Prent
Teri,Adrien
Keslie,Gwen
Tony,Minnnie
Tillie,Tony
Hayley,Francklin
Hodgex,Eimile
Barbaraanne,Haley
Keslie,Leilah
Kristoforo,Waylen
Valerie,Wilhelm
Dotti,Melisa
Tillie,Reta
Leilah,Lyell
Cordelie,Prent
Vernon,Tillie
Carmelle,Doralia
Miner,Virgil
Teri,Tedmund
Leilah,Tony
Tristam,Sarene
Adrien,Carline
Hewe,Meghann
Jewelle,Ricardo
Mariellen,Virgil
Matthiew,Teri
Bruce,Annabell
Chen,Drud
Anna,Stearn
Dotti,Waylen
Kerby,Haley
Tristam,Jolynn
Virgil,Roth
Prent,Jewelle
Keslie,Stearn
Case,Arabela
Rana,Minnnie
Virgil,Jolynn
Jolynn,Louisette
Juditha,Jacquette
Christin,Constantino
Jaquenetta,Teri
Case,Susi
Bernie,Virgilio
Eduino,Kerby
Gleda,Drud
Malissa,Prent
Wilhelm,Agathe
Louisette,Robyn
Minnnie,Doralia
Adrien,Bruce
Agathe,Cordelie
Jaquenetta,Anna
Erda,Shalna
Vernon,Eduino
Carline,Ricardo
Constantino,Gleda
Valerie,Drud
Kerby,Constantino
Kristoforo,Matthiew
Edin,Barbaraanne
Idell,Juditha
Leilah,Tillie
Jan,Kristoforo
Arabela,Juditha
Hayley,Briant
Doralia,Jolynn
Rana,Haley
Tony,Melisa
Bruce,Doralia
Haley,Winona
Teri,Adriena
Hewe,Carmelle
Melisa,Tedmund
Hewe,Jacquette
Beale,Jewelle
Estevan,Reta
Kristoforo,Jolynn
Susannah,Case
Melisa,Cordelie
Juditha,Ginger
Marrilee,Kristoforo
Rana,Marrilee
Bruce,Wilhelm
Dewie,Matthiew
Edin,Hodgex
Cordi,Anna
Haley,Francklin
Montague,Robyn
Gav,Winona
Hayley,Cordi
Gleda,Eduino
Jewelle,Stearn
Hodgex,Susi
Eimile,Virgil
Ginnifer,Sayre
Brocky,Tillie
Jaquenetta,Susi
Anthiathia,Agathe
Teri,Renate
Keslie,Tedmund
Dewie,Shirlee
Jaquenetta,Tony
Gav,Eleni
Teri,Carmelle
Marrilee,Arabela
Cordi,Marrilee
Roth,Stearn
Hodgex,Louisette
Kristoforo,Adriena
Adriena,Jaquenetta
Hodgex,Winona
Miner,Cordelie
Ginnifer,Gwen
Louisette,Minnnie
Robyn,Case
Wilhelm,Leilah
Renate,Bernie
Ginger,Jaquenetta
Candide,Minnnie
Sarene,Meghann
Rana,Robyn
Louisette,Beale
Hayley,Haley
Cordi,Minnnie
Jacquette,Ricardo
Valerie,Edin
Carline,Melisa
Beale,Tristam
Jolynn,Edin
Dewie,Kristoforo
Jacquette,Jan
Stearn,Eduino
Skippy,Hodgex
Tedmund,Briant
Prent,Hayley
Kerby,Hayley
Constantino,Cordi
Sarene,Jolynn
Robyn,Cordi
Tedmund,Robyn
Valerie,Bernie
Meghann,Waylen
Shalna,Virgil
Velma,Gleda
Ginger,Wilhelm
Briant,Idell
Mariellen,Tony
Chen,Meghann
Jewelle,Tristam
Tedmund,Erminia
Erda,Ricardo
Dotti,Virgil
Francklin,Mariellen
Christin,Kristoforo
Tony,Leilah
Kristoforo,Jan
Sarene,Clementia
Virgil,Adrien
Jewelle,Susannah
Briant,Eleni
Virgil,Chen
Melisa,Malissa
Erda,Valerie
Waylen,Tillie
Virgilio,Sayre
Eimile,Lyell
Ginnifer,Denna
Chen,Jaquenetta
Waylen,Denna
Teri,Shirlee
Mariellen,Leilah
Anthiathia,Skippy
Case,Malissa
Leilah,Vernon
Tedmund,Skippy
Brocky,Carmelle
Agathe,Vernon
Annabell,Carline
Renate,Virgil
Delaney,Rana
Jewelle,Idell
Candide,Cordelie
Dotti,Case
Chen,Idell
Miner,Erminia
Denna,Jolynn
Roth,Montague
Erminia,Dotti
Ginnifer,Renate
Renate,Meghann
Erminia,Teri
Idell,Kristoforo
Brocky,Roth
Brocky,Louisette
Jan,Gleda
Sarene,Waylen
Case,Drud
Marrilee,Denna
Malissa,Stearn
Jacquette,Clementia
Edin,Lyell
Jewelle,Jan
Hodgex,Drud
Drud,Milly
Susannah,Velma
Doralia,Keslie
Tillie,Waylen
Jaquenetta,Valerie
Bernie,Jaquenetta
Anthiathia,Gwen
Gleda,Rana
Melisa,Arabela
Stearn,Reta
Shirlee,Anna
Milly,Bruce
Erminia,Constantino
Hodgex,Carline
Mariellen,Rana
Jan,Arabela
Virgil,Marrilee
Tony,Kristoforo
Carline,Eimile
Kerby,Shalna
Ginger,Case
Hayley,Reta
Eduino,Gleda
Hodgex,Jolynn
Ricardo,Renate
Candide,Anthiathia
Corette,Cordi
Clementia,Lyell
Jacquette,Vernon
Virgil,Eduino
Edin,Beale
Dewie,Tristam
Christin,Denna
Doralia,Milly
Edin,Delaney
Malissa,Jolynn
Anna,Dotti
Lyell,Drud
Marrilee,Prent
Virgilio,Corette
