last_name1,last_name2
Shepstone,Stoak
Shepstone,Thireau
Shepstone,Caset
Shepstone,Brazener
Shepstone,Drohane
Shepstone,Pollett
Shepstone,Duddell
Stoak,Caset
Stoak,Thireau
Stoak,Brazener
Stoak,Drohane
Stoak,Pollett
Stoak,Duddell
Thireau,Caset
Thireau,Brazener
Thireau,Drohane
Thireau,Pollett
Thireau,Duddell
Caset,Brazener
Caset,Drohane
Caset,Pollett
Caset,Duddell
Brazener,Drohane
Brazener,Pollett
Brazener,Duddell
Drohane,Pollett
Drohane,Duddell
Pollett,Duddell
Fearnyough,Anselm
